facet_id,facet_raw,facet_normalized,is_malformed,malformed_reason,facet_category,facet_type,conversation_observable,observability_reason,sensitivity,scoring_definition,anchor_1,anchor_3,anchor_5,abstention_reason,review_required,preprocessing_version
b2f9b745a003,Risktaking,risktaking,false,,finance_risk,preference_or_habit,uncertain,Risk preference requires contextual validation to be observable,sensitive,,,,,Risk preference requires contextual validation to be observable,true,v1.2
f8ba0af9398d,Naivety,naivety,false,,unclear,unclear_or_malformed,uncertain,No explicit rule matched,ordinary,,,,,Classification uncertain; requires human review,true,v1.2
ac8daa967be0,Acidity,acidity,false,,emotional_regulation,conversational_trait,true,Direct linguistic evidence possible in short conversation,ordinary,Measures the conversational expression of the trait: acidity.,"Strong linguistic evidence of the low end (e.g., explicitly demonstrating the opposite of acidity).","Mixed, moderate, or limited but sufficient evidence of acidity.",Strong and repeated linguistic evidence of the high end of acidity.,,false,v1.2
9ab843918eaf,Democratic Leadership:,democratic leadership,false,,values,conversational_trait,true,Direct linguistic evidence possible in short conversation,ordinary,Measures the conversational expression of the trait: democratic leadership.,"Strong linguistic evidence of the low end (e.g., explicitly demonstrating the opposite of democratic leadership).","Mixed, moderate, or limited but sufficient evidence of democratic leadership.",Strong and repeated linguistic evidence of the high end of democratic leadership.,,false,v1.2
dd6637afcb6a,Common-sense,common-sense,false,,values,conversational_trait,true,Direct linguistic evidence possible in short conversation,ordinary,Measures the conversational expression of the trait: common-sense.,"Strong linguistic evidence of the low end (e.g., explicitly demonstrating the opposite of common-sense).","Mixed, moderate, or limited but sufficient evidence of common-sense.",Strong and repeated linguistic evidence of the high end of common-sense.,,false,v1.2
5e5aacf86a7e,Hesitation,hesitation,false,,communication,conversational_behavior,true,Direct linguistic evidence possible in short conversation,ordinary,Measures the frequency and intensity of hesitation behavior in conversation.,"Strong linguistic evidence of the low end (e.g., deliberate avoidance of hesitation).","Mixed, moderate, or limited but sufficient evidence of hesitation.",Strong and repeated linguistic evidence of the high end of hesitation.,,false,v1.2
1f57bbd92bc2,Discontentment,discontentment,false,,emotional_regulation,conversational_trait,true,Direct linguistic evidence possible in short conversation,ordinary,Measures the conversational expression of the trait: discontentment.,"Strong linguistic evidence of the low end (e.g., explicitly demonstrating the opposite of discontentment).","Mixed, moderate, or limited but sufficient evidence of discontentment.",Strong and repeated linguistic evidence of the high end of discontentment.,,false,v1.2
9edb2d160a01,Overprotectiveness,overprotectiveness,false,,social_interaction,conversational_behavior,true,Direct linguistic evidence possible in short conversation,ordinary,Measures the frequency and intensity of overprotectiveness behavior in conversation.,"Strong linguistic evidence of the low end (e.g., deliberate avoidance of overprotectiveness).","Mixed, moderate, or limited but sufficient evidence of overprotectiveness.",Strong and repeated linguistic evidence of the high end of overprotectiveness.,,false,v1.2
b426f2932692,Merriness,merriness,false,,emotional_regulation,conversational_trait,true,Direct linguistic evidence possible in short conversation,ordinary,Measures the conversational expression of the trait: merriness.,"Strong linguistic evidence of the low end (e.g., explicitly demonstrating the opposite of merriness).","Mixed, moderate, or limited but sufficient evidence of merriness.",Strong and repeated linguistic evidence of the high end of merriness.,,false,v1.2
1dbf1449c509,Emotionalism,emotionalism,false,,emotional_regulation,conversational_trait,true,Direct linguistic evidence possible in short conversation,ordinary,Measures the conversational expression of the trait: emotionalism.,"Strong linguistic evidence of the low end (e.g., explicitly demonstrating the opposite of emotionalism).","Mixed, moderate, or limited but sufficient evidence of emotionalism.",Strong and repeated linguistic evidence of the high end of emotionalism.,,false,v1.2
b7c1258315d0,Self-improvement,self-improvement,false,,unclear,unclear_or_malformed,uncertain,No explicit rule matched,ordinary,,,,,Classification uncertain; requires human review,true,v1.2
862d20660978,Statistical Reasoning,statistical reasoning,false,,skills,skill_or_knowledge,false,"Skill evaluation requires task execution evidence, not casual self-description",ordinary,,,,,"Skill evaluation requires task execution evidence, not casual self-description",true,v1.2
88a69bd473fc,Assertiveness and control in relationships,assertiveness and control in relationships,false,,communication,conversational_behavior,true,Direct linguistic evidence possible in short conversation,ordinary,Measures the frequency and intensity of assertiveness and control in relationships behavior in conversation.,"Strong linguistic evidence of the low end (e.g., deliberate avoidance of assertiveness and control in relationships).","Mixed, moderate, or limited but sufficient evidence of assertiveness and control in relationships.",Strong and repeated linguistic evidence of the high end of assertiveness and control in relationships.,,false,v1.2
1190709e448a,Cunningness,cunningness,false,,unclear,unclear_or_malformed,uncertain,No explicit rule matched,ordinary,,,,,Classification uncertain; requires human review,true,v1.2
7b53f941e0e4,Adventure-Seeking Behavior,adventure-seeking behavior,false,,unclear,unclear_or_malformed,uncertain,No explicit rule matched,ordinary,,,,,Classification uncertain; requires human review,true,v1.2
ea161cbbd551,Compassion Fatigue,compassion fatigue,false,,unclear,unclear_or_malformed,uncertain,No explicit rule matched,ordinary,,,,,Classification uncertain; requires human review,true,v1.2
ab47186e53cc,Moroseness,moroseness,false,,emotional_regulation,conversational_trait,true,Direct linguistic evidence possible in short conversation,ordinary,Measures the conversational expression of the trait: moroseness.,"Strong linguistic evidence of the low end (e.g., explicitly demonstrating the opposite of moroseness).","Mixed, moderate, or limited but sufficient evidence of moroseness.",Strong and repeated linguistic evidence of the high end of moroseness.,,false,v1.2
f04dff4e11a0,Specialist,specialist,false,,skills,skill_or_knowledge,false,"Skill evaluation requires task execution evidence, not casual self-description",ordinary,,,,,"Skill evaluation requires task execution evidence, not casual self-description",true,v1.2
d1e502e113bd,Aloofness,aloofness,false,,social_interaction,conversational_behavior,true,Direct linguistic evidence possible in short conversation,ordinary,Measures the frequency and intensity of aloofness behavior in conversation.,"Strong linguistic evidence of the low end (e.g., deliberate avoidance of aloofness).","Mixed, moderate, or limited but sufficient evidence of aloofness.",Strong and repeated linguistic evidence of the high end of aloofness.,,false,v1.2
b4f70fd12341,Genuine,genuine,false,,values,conversational_trait,true,Direct linguistic evidence possible in short conversation,ordinary,Measures the conversational expression of the trait: genuine.,"Strong linguistic evidence of the low end (e.g., explicitly demonstrating the opposite of genuine).","Mixed, moderate, or limited but sufficient evidence of genuine.",Strong and repeated linguistic evidence of the high end of genuine.,,false,v1.2
19dc6981ec0b,Determinedness,determinedness,false,,values,conversational_trait,true,Direct linguistic evidence possible in short conversation,ordinary,Measures the conversational expression of the trait: determinedness.,"Strong linguistic evidence of the low end (e.g., explicitly demonstrating the opposite of determinedness).","Mixed, moderate, or limited but sufficient evidence of determinedness.",Strong and repeated linguistic evidence of the high end of determinedness.,,false,v1.2
43e7eaa389e6,HonestyHumility:,honestyhumility,false,,unclear,unclear_or_malformed,uncertain,No explicit rule matched,ordinary,,,,,Classification uncertain; requires human review,true,v1.2
e3604e7bb2ff,Relationship Building Themes:,relationship building themes,false,,social_interaction,conversational_behavior,true,Direct linguistic evidence possible in short conversation,ordinary,Measures the frequency and intensity of relationship building themes behavior in conversation.,"Strong linguistic evidence of the low end (e.g., deliberate avoidance of relationship building themes).","Mixed, moderate, or limited but sufficient evidence of relationship building themes.",Strong and repeated linguistic evidence of the high end of relationship building themes.,,false,v1.2
1a84801d8325,Pure Challenge,pure challenge,false,,unclear,unclear_or_malformed,uncertain,No explicit rule matched,ordinary,,,,,Classification uncertain; requires human review,true,v1.2
862b2393ab81,Numerical Reasoning Subcomponents:,numerical reasoning subcomponents,false,,skills,skill_or_knowledge,false,"Skill evaluation requires task execution evidence, not casual self-description",ordinary,,,,,"Skill evaluation requires task execution evidence, not casual self-description",true,v1.2
24dae8152390,Openness,openness,false,,unclear,unclear_or_malformed,uncertain,No explicit rule matched,ordinary,,,,,Classification uncertain; requires human review,true,v1.2
17330d39dd39,SelfEsteem,selfesteem,false,,unclear,unclear_or_malformed,uncertain,No explicit rule matched,ordinary,,,,,Classification uncertain; requires human review,true,v1.2
d72588fbe018,Comparing alphanumeric data,comparing alphanumeric data,false,,unclear,unclear_or_malformed,uncertain,No explicit rule matched,ordinary,,,,,Classification uncertain; requires human review,true,v1.2
d4aa0755adf7,Big-heartedness,big-heartedness,false,,unclear,unclear_or_malformed,uncertain,No explicit rule matched,ordinary,,,,,Classification uncertain; requires human review,true,v1.2
b21a8dc58622,Compulsive activities,compulsive activities,false,,unclear,unclear_or_malformed,uncertain,No explicit rule matched,ordinary,,,,,Classification uncertain; requires human review,true,v1.2
3c31a6256d67,Disrespect,disrespect,false,,social_interaction,conversational_behavior,true,Direct linguistic evidence possible in short conversation,ordinary,Measures the frequency and intensity of disrespect behavior in conversation.,"Strong linguistic evidence of the low end (e.g., deliberate avoidance of disrespect).","Mixed, moderate, or limited but sufficient evidence of disrespect.",Strong and repeated linguistic evidence of the high end of disrespect.,,false,v1.2
e26a2bb0c87d,FSH level,fsh level,false,,health_medical,medical_or_diagnostic,false,Clinical biomarker or medical diagnosis requires objective medical evidence,high_risk,,,,,Clinical biomarker or medical diagnosis requires objective medical evidence,true,v1.2
620582aba2b4,Self Perspective,self perspective,false,,unclear,unclear_or_malformed,uncertain,No explicit rule matched,ordinary,,,,,Classification uncertain; requires human review,true,v1.2
43c111d0871f,Desperation,desperation,false,,emotional_regulation,conversational_trait,true,Direct linguistic evidence possible in short conversation,ordinary,Measures the conversational expression of the trait: desperation.,"Strong linguistic evidence of the low end (e.g., explicitly demonstrating the opposite of desperation).","Mixed, moderate, or limited but sufficient evidence of desperation.",Strong and repeated linguistic evidence of the high end of desperation.,,false,v1.2
a9d9f4e4353a,Affiliation Motivation:,affiliation motivation,false,,social_interaction,conversational_behavior,true,Direct linguistic evidence possible in short conversation,ordinary,Measures the frequency and intensity of affiliation motivation behavior in conversation.,"Strong linguistic evidence of the low end (e.g., deliberate avoidance of affiliation motivation).","Mixed, moderate, or limited but sufficient evidence of affiliation motivation.",Strong and repeated linguistic evidence of the high end of affiliation motivation.,,false,v1.2
fb86a0d479d3,Anatomy knowledge,anatomy knowledge,false,,skills,skill_or_knowledge,false,"Skill evaluation requires task execution evidence, not casual self-description",ordinary,,,,,"Skill evaluation requires task execution evidence, not casual self-description",true,v1.2
18673911fa56,Passive-Aggressive,passive-aggressive,false,,social_interaction,conversational_behavior,true,Direct linguistic evidence possible in short conversation,ordinary,Measures the frequency and intensity of passive-aggressive behavior in conversation.,"Strong linguistic evidence of the low end (e.g., deliberate avoidance of passive-aggressive).","Mixed, moderate, or limited but sufficient evidence of passive-aggressive.",Strong and repeated linguistic evidence of the high end of passive-aggressive.,,false,v1.2
d3938413858b,Presence of Spiritual Pain,presence of spiritual pain,false,,religion_culture,religious_or_cultural_practice,false,Religious or cultural practice requires external or self-reported history observation,sensitive,,,,,Religious or cultural practice requires external or self-reported history observation,true,v1.2
b29446d7e140,Role of Spirituality in Community Involvement,role of spirituality in community involvement,false,,unclear,unclear_or_malformed,uncertain,No explicit rule matched,ordinary,,,,,Classification uncertain; requires human review,true,v1.2
dc5d26f8a20f,Structure,structure,false,,unclear,unclear_or_malformed,uncertain,No explicit rule matched,ordinary,,,,,Classification uncertain; requires human review,true,v1.2
ad0015dd3d99,Eco-tourism trips,eco-tourism trips,false,,biography_external,external_biographical_fact,false,Requires external historical or biographical confirmation,ordinary,,,,,Requires external historical or biographical confirmation,true,v1.2
e09c0e7b17f6,Chivalrousness,chivalrousness,false,,values,conversational_trait,true,Direct linguistic evidence possible in short conversation,ordinary,Measures the conversational expression of the trait: chivalrousness.,"Strong linguistic evidence of the low end (e.g., explicitly demonstrating the opposite of chivalrousness).","Mixed, moderate, or limited but sufficient evidence of chivalrousness.",Strong and repeated linguistic evidence of the high end of chivalrousness.,,false,v1.2
cc741e6baf39,Pilgrimage participation count,pilgrimage participation count,false,,religion_culture,religious_or_cultural_practice,false,Religious or cultural practice requires external or self-reported history observation,sensitive,,,,,Religious or cultural practice requires external or self-reported history observation,true,v1.2
f00219251ee3,Mindfulness facet: Observing,mindfulness facet: observing,false,,unclear,unclear_or_malformed,uncertain,No explicit rule matched,ordinary,,,,,Classification uncertain; requires human review,true,v1.2
771c793b80ab,Submissiveness,submissiveness,false,,social_interaction,conversational_behavior,true,Direct linguistic evidence possible in short conversation,ordinary,Measures the frequency and intensity of submissiveness behavior in conversation.,"Strong linguistic evidence of the low end (e.g., deliberate avoidance of submissiveness).","Mixed, moderate, or limited but sufficient evidence of submissiveness.",Strong and repeated linguistic evidence of the high end of submissiveness.,,false,v1.2
373d096d22a1,Training-cycle length,training-cycle length,false,,unclear,unclear_or_malformed,uncertain,No explicit rule matched,ordinary,,,,,Classification uncertain; requires human review,true,v1.2
875b40616bc4,Sensitiveness,sensitiveness,false,,emotional_regulation,conversational_trait,true,Direct linguistic evidence possible in short conversation,ordinary,Measures the conversational expression of the trait: sensitiveness.,"Strong linguistic evidence of the low end (e.g., explicitly demonstrating the opposite of sensitiveness).","Mixed, moderate, or limited but sufficient evidence of sensitiveness.",Strong and repeated linguistic evidence of the high end of sensitiveness.,,false,v1.2
0d7cef808293,Negative Affect Frequency,negative affect frequency,false,,emotional_regulation,conversational_trait,true,Direct linguistic evidence possible in short conversation,ordinary,Measures the conversational expression of the trait: negative affect frequency.,"Strong linguistic evidence of the low end (e.g., explicitly demonstrating the opposite of negative affect frequency).","Mixed, moderate, or limited but sufficient evidence of negative affect frequency.",Strong and repeated linguistic evidence of the high end of negative affect frequency.,,false,v1.2
36305dd4a73d,Innovation and Creativity Components:,innovation and creativity components,false,,unclear,unclear_or_malformed,uncertain,No explicit rule matched,ordinary,,,,,Classification uncertain; requires human review,true,v1.2
f95a67afe916,Achievement Motivation:,achievement motivation,false,,unclear,unclear_or_malformed,uncertain,No explicit rule matched,ordinary,,,,,Classification uncertain; requires human review,true,v1.2
e1435c868ea2,Feedback-giving frequency,feedback-giving frequency,false,,unclear,unclear_or_malformed,uncertain,No explicit rule matched,ordinary,,,,,Classification uncertain; requires human review,true,v1.2
fedc59f2dfba,Dance-cardio sessions,dance-cardio sessions,false,,unclear,unclear_or_malformed,uncertain,No explicit rule matched,ordinary,,,,,Classification uncertain; requires human review,true,v1.2
b44a4c335f4f,Enthusiasm,enthusiasm,false,,unclear,unclear_or_malformed,uncertain,No explicit rule matched,ordinary,,,,,Classification uncertain; requires human review,true,v1.2
309d69b35e10,Psychological construct: Social Desirability tendency,psychological construct: social desirability tendency,false,,unclear,unclear_or_malformed,uncertain,No explicit rule matched,ordinary,,,,,Classification uncertain; requires human review,true,v1.2
76f9e7cd1f17,Inattentiveness,inattentiveness,false,,unclear,unclear_or_malformed,uncertain,No explicit rule matched,ordinary,,,,,Classification uncertain; requires human review,true,v1.2
31720a15d6bb,Unassertiveness,unassertiveness,false,,unclear,unclear_or_malformed,uncertain,No explicit rule matched,ordinary,,,,,Classification uncertain; requires human review,true,v1.2
55a8beb1cc38,Decision-making decisiveness,decision-making decisiveness,false,,unclear,unclear_or_malformed,uncertain,No explicit rule matched,ordinary,,,,,Classification uncertain; requires human review,true,v1.2
ffed932ddf43,Sense-of-coherence score,sense-of-coherence score,false,,unclear,unclear_or_malformed,uncertain,No explicit rule matched,ordinary,,,,,Classification uncertain; requires human review,true,v1.2
3039354caef7,Justice-mindedness,justice-mindedness,false,,unclear,unclear_or_malformed,uncertain,No explicit rule matched,ordinary,,,,,Classification uncertain; requires human review,true,v1.2
490dc59e511d,Subscription count,subscription count,false,,unclear,unclear_or_malformed,uncertain,No explicit rule matched,ordinary,,,,,Classification uncertain; requires human review,true,v1.2
cab0e38337b9,Depression Symptoms,depression symptoms,false,,unclear,unclear_or_malformed,uncertain,No explicit rule matched,ordinary,,,,,Classification uncertain; requires human review,true,v1.2
fd39673a7ac9,Spatial perception,spatial perception,false,,unclear,unclear_or_malformed,uncertain,No explicit rule matched,ordinary,,,,,Classification uncertain; requires human review,true,v1.2
0e89db04946d,Brevity,brevity,false,,unclear,unclear_or_malformed,uncertain,No explicit rule matched,ordinary,,,,,Classification uncertain; requires human review,true,v1.2
5afd376b7c58,Orderliness,orderliness,false,,unclear,unclear_or_malformed,uncertain,No explicit rule matched,ordinary,,,,,Classification uncertain; requires human review,true,v1.2
53a59c1f0f2a,Multiculturalism,multiculturalism,false,,unclear,unclear_or_malformed,uncertain,No explicit rule matched,ordinary,,,,,Classification uncertain; requires human review,true,v1.2
42795ae12862,Creative risk-taking tendency,creative risk-taking tendency,false,,finance_risk,preference_or_habit,uncertain,Risk preference requires contextual validation to be observable,sensitive,,,,,Risk preference requires contextual validation to be observable,true,v1.2
a2b5e7fefdf7,Inefficiency,inefficiency,false,,unclear,unclear_or_malformed,uncertain,No explicit rule matched,ordinary,,,,,Classification uncertain; requires human review,true,v1.2
619d659322d7,Network basics,network basics,false,,unclear,unclear_or_malformed,uncertain,No explicit rule matched,ordinary,,,,,Classification uncertain; requires human review,true,v1.2
1aab8b6a9849,Alphabetical filing skills,alphabetical filing skills,false,,unclear,unclear_or_malformed,uncertain,No explicit rule matched,ordinary,,,,,Classification uncertain; requires human review,true,v1.2
fbd97d0d6507,Work Styles,work styles,false,,unclear,unclear_or_malformed,uncertain,No explicit rule matched,ordinary,,,,,Classification uncertain; requires human review,true,v1.2
c14d2a454811,Character strength: Perseverance,character strength: perseverance,false,,unclear,unclear_or_malformed,uncertain,No explicit rule matched,ordinary,,,,,Classification uncertain; requires human review,true,v1.2
fc5d6077dca2,Competition,competition,false,,unclear,unclear_or_malformed,uncertain,No explicit rule matched,ordinary,,,,,Classification uncertain; requires human review,true,v1.2
ec7fcff55a33,Logical Sequence Identification,logical sequence identification,false,,unclear,unclear_or_malformed,uncertain,No explicit rule matched,ordinary,,,,,Classification uncertain; requires human review,true,v1.2
7d19de705b24,Sustainable-transport usage,sustainable-transport usage,false,,unclear,unclear_or_malformed,uncertain,No explicit rule matched,ordinary,,,,,Classification uncertain; requires human review,true,v1.2
7b761012e95c,Hardworking,hardworking,false,,unclear,unclear_or_malformed,uncertain,No explicit rule matched,ordinary,,,,,Classification uncertain; requires human review,true,v1.2
b35782ac8bf0,Emotional-intelligence measure: Impulsiveness,emotional-intelligence measure: impulsiveness,false,,unclear,unclear_or_malformed,uncertain,No explicit rule matched,ordinary,,,,,Classification uncertain; requires human review,true,v1.2
fcc68e7e5b26,Dishonesty,dishonesty,false,,unclear,unclear_or_malformed,uncertain,No explicit rule matched,ordinary,,,,,Classification uncertain; requires human review,true,v1.2
77f071a00ba8,Preferred epistemology,preferred epistemology,false,,unclear,unclear_or_malformed,uncertain,No explicit rule matched,ordinary,,,,,Classification uncertain; requires human review,true,v1.2
ba1adb9edcc2,Memory for Sounds,memory for sounds,false,,unclear,unclear_or_malformed,uncertain,No explicit rule matched,ordinary,,,,,Classification uncertain; requires human review,true,v1.2
29df847f3688,Sportsmanship rating,sportsmanship rating,false,,unclear,unclear_or_malformed,uncertain,No explicit rule matched,ordinary,,,,,Classification uncertain; requires human review,true,v1.2
e9bcd75b22dc,Immaturity,immaturity,false,,unclear,unclear_or_malformed,uncertain,No explicit rule matched,ordinary,,,,,Classification uncertain; requires human review,true,v1.2
ac77044be576,Health-literacy level,health-literacy level,false,,unclear,unclear_or_malformed,uncertain,No explicit rule matched,ordinary,,,,,Classification uncertain; requires human review,true,v1.2
c52b68dfe954,Estimating Calculations,estimating calculations,false,,unclear,unclear_or_malformed,uncertain,No explicit rule matched,ordinary,,,,,Classification uncertain; requires human review,true,v1.2
d3dedeebab8a,Depression: Feelings of sadness and hopelessness,depression: feelings of sadness and hopelessness,false,,unclear,unclear_or_malformed,uncertain,No explicit rule matched,ordinary,,,,,Classification uncertain; requires human review,true,v1.2
0ac0ee5d066b,Synthesis of information,synthesis of information,false,,unclear,unclear_or_malformed,uncertain,No explicit rule matched,ordinary,,,,,Classification uncertain; requires human review,true,v1.2
212f09f66861,Leadership Potential:,leadership potential,false,,values,conversational_trait,true,Direct linguistic evidence possible in short conversation,ordinary,Measures the conversational expression of the trait: leadership potential.,"Strong linguistic evidence of the low end (e.g., explicitly demonstrating the opposite of leadership potential).","Mixed, moderate, or limited but sufficient evidence of leadership potential.",Strong and repeated linguistic evidence of the high end of leadership potential.,,false,v1.2
a6b2d12a0210,Ethical standards,ethical standards,false,,unclear,unclear_or_malformed,uncertain,No explicit rule matched,ordinary,,,,,Classification uncertain; requires human review,true,v1.2
d3c8edc38be6,High-spiritedness,high-spiritedness,false,,unclear,unclear_or_malformed,uncertain,No explicit rule matched,ordinary,,,,,Classification uncertain; requires human review,true,v1.2
d66027bf8955,Critical reasoning,critical reasoning,false,,skills,skill_or_knowledge,false,"Skill evaluation requires task execution evidence, not casual self-description",ordinary,,,,,"Skill evaluation requires task execution evidence, not casual self-description",true,v1.2
e6ecfd6098a2,Sleep-disorder diagnosis,sleep-disorder diagnosis,false,,health_medical,medical_or_diagnostic,false,Clinical biomarker or medical diagnosis requires objective medical evidence,high_risk,,,,,Clinical biomarker or medical diagnosis requires objective medical evidence,true,v1.2
c96a6c4d0c32,Listening Skills Subcomponents:,listening skills subcomponents,false,,communication,conversational_behavior,true,Direct linguistic evidence possible in short conversation,ordinary,Measures the frequency and intensity of listening skills subcomponents behavior in conversation.,"Strong linguistic evidence of the low end (e.g., deliberate avoidance of listening skills subcomponents).","Mixed, moderate, or limited but sufficient evidence of listening skills subcomponents.",Strong and repeated linguistic evidence of the high end of listening skills subcomponents.,,false,v1.2
a6827f638421,Collaboration,collaboration,false,,unclear,unclear_or_malformed,uncertain,No explicit rule matched,ordinary,,,,,Classification uncertain; requires human review,true,v1.2
70e316f44099,Precision of Movements,precision of movements,false,,unclear,unclear_or_malformed,uncertain,No explicit rule matched,ordinary,,,,,Classification uncertain; requires human review,true,v1.2
ef24b30f032a,Social Boldness,social boldness,false,,unclear,unclear_or_malformed,uncertain,No explicit rule matched,ordinary,,,,,Classification uncertain; requires human review,true,v1.2
069a2ed7acf7,Auditory memory,auditory memory,false,,unclear,unclear_or_malformed,uncertain,No explicit rule matched,ordinary,,,,,Classification uncertain; requires human review,true,v1.2
78d3a2098362,Psychomotor Ability Subcomponents:,psychomotor ability subcomponents,false,,unclear,unclear_or_malformed,uncertain,No explicit rule matched,ordinary,,,,,Classification uncertain; requires human review,true,v1.2
2903d0bbc4fa,Organized lifestyle,organized lifestyle,false,,unclear,unclear_or_malformed,uncertain,No explicit rule matched,ordinary,,,,,Classification uncertain; requires human review,true,v1.2
6dd8dcdd95ea,Skill-endorsements count,skill-endorsements count,false,,unclear,unclear_or_malformed,uncertain,No explicit rule matched,ordinary,,,,,Classification uncertain; requires human review,true,v1.2
04bdc092b3b4,Mysteriousness,mysteriousness,false,,unclear,unclear_or_malformed,uncertain,No explicit rule matched,ordinary,,,,,Classification uncertain; requires human review,true,v1.2
b1370a5c9535,Cultural Identity,cultural identity,false,,unclear,unclear_or_malformed,uncertain,No explicit rule matched,ordinary,,,,,Classification uncertain; requires human review,true,v1.2
50c8a7722ecf,Intrinsic Motivation,intrinsic motivation,false,,unclear,unclear_or_malformed,uncertain,No explicit rule matched,ordinary,,,,,Classification uncertain; requires human review,true,v1.2
9b6eacf468c4,Impartial-mindedness,impartial-mindedness,false,,unclear,unclear_or_malformed,uncertain,No explicit rule matched,ordinary,,,,,Classification uncertain; requires human review,true,v1.2
86a3b2515da0,Burnout Symptoms,burnout symptoms,false,,unclear,unclear_or_malformed,uncertain,No explicit rule matched,ordinary,,,,,Classification uncertain; requires human review,true,v1.2
ab43fcc72896,Holiness,holiness,false,,unclear,unclear_or_malformed,uncertain,No explicit rule matched,ordinary,,,,,Classification uncertain; requires human review,true,v1.2
ae6fb9c77830,Selfcontrol,selfcontrol,false,,unclear,unclear_or_malformed,uncertain,No explicit rule matched,ordinary,,,,,Classification uncertain; requires human review,true,v1.2
9402e3da69bd,SelfDirectedness,selfdirectedness,false,,unclear,unclear_or_malformed,uncertain,No explicit rule matched,ordinary,,,,,Classification uncertain; requires human review,true,v1.2
107675d496cb,Encouraging participation,encouraging participation,false,,unclear,unclear_or_malformed,uncertain,No explicit rule matched,ordinary,,,,,Classification uncertain; requires human review,true,v1.2
0f99bca4ffc9,Impracticalness,impracticalness,false,,unclear,unclear_or_malformed,uncertain,No explicit rule matched,ordinary,,,,,Classification uncertain; requires human review,true,v1.2
c5cae1be8f18,Meeting Deadlines,meeting deadlines,false,,unclear,unclear_or_malformed,uncertain,No explicit rule matched,ordinary,,,,,Classification uncertain; requires human review,true,v1.2
0a5c050b3c2e,Data Analysis,data analysis,false,,unclear,unclear_or_malformed,uncertain,No explicit rule matched,ordinary,,,,,Classification uncertain; requires human review,true,v1.2
e82a1697f197,Social Interaction Skills,social interaction skills,false,,unclear,unclear_or_malformed,uncertain,No explicit rule matched,ordinary,,,,,Classification uncertain; requires human review,true,v1.2
a44a07184110,Psychoticism,psychoticism,false,,unclear,unclear_or_malformed,uncertain,No explicit rule matched,ordinary,,,,,Classification uncertain; requires human review,true,v1.2
2454bda54316,Ethical leadership rating,ethical leadership rating,false,,values,conversational_trait,true,Direct linguistic evidence possible in short conversation,ordinary,Measures the conversational expression of the trait: ethical leadership rating.,"Strong linguistic evidence of the low end (e.g., explicitly demonstrating the opposite of ethical leadership rating).","Mixed, moderate, or limited but sufficient evidence of ethical leadership rating.",Strong and repeated linguistic evidence of the high end of ethical leadership rating.,,false,v1.2
7bd4774fcbe5,Slothfulness,slothfulness,false,,unclear,unclear_or_malformed,uncertain,No explicit rule matched,ordinary,,,,,Classification uncertain; requires human review,true,v1.2
4613987b0510,Happiness,happiness,false,,unclear,unclear_or_malformed,uncertain,No explicit rule matched,ordinary,,,,,Classification uncertain; requires human review,true,v1.2
dbe4845f24bb,Contentment Levels,contentment levels,false,,unclear,unclear_or_malformed,uncertain,No explicit rule matched,ordinary,,,,,Classification uncertain; requires human review,true,v1.2
ca05fd5fe0ce,Neuroticism,neuroticism,false,,unclear,unclear_or_malformed,uncertain,No explicit rule matched,ordinary,,,,,Classification uncertain; requires human review,true,v1.2
ab57b8379562,Desire for excellence,desire for excellence,false,,unclear,unclear_or_malformed,uncertain,No explicit rule matched,ordinary,,,,,Classification uncertain; requires human review,true,v1.2
28df35711cfa,Perceiving,perceiving,false,,unclear,unclear_or_malformed,uncertain,No explicit rule matched,ordinary,,,,,Classification uncertain; requires human review,true,v1.2
b2665e95adad,Liberalism,liberalism,false,,unclear,unclear_or_malformed,uncertain,No explicit rule matched,ordinary,,,,,Classification uncertain; requires human review,true,v1.2
f5a68c60906b,Inversion comfort level,inversion comfort level,false,,unclear,unclear_or_malformed,uncertain,No explicit rule matched,ordinary,,,,,Classification uncertain; requires human review,true,v1.2
5184dbc5fec3,Affection,affection,false,,unclear,unclear_or_malformed,uncertain,No explicit rule matched,ordinary,,,,,Classification uncertain; requires human review,true,v1.2
1ee9fa8b7ca7,Numeric Filing Skills,numeric filing skills,false,,unclear,unclear_or_malformed,uncertain,No explicit rule matched,ordinary,,,,,Classification uncertain; requires human review,true,v1.2
528aae449ef3,Martyrdom,martyrdom,false,,unclear,unclear_or_malformed,uncertain,No explicit rule matched,ordinary,,,,,Classification uncertain; requires human review,true,v1.2
dd31a4f441fe,Parathyroid-hormone level,parathyroid-hormone level,false,,unclear,unclear_or_malformed,uncertain,No explicit rule matched,ordinary,,,,,Classification uncertain; requires human review,true,v1.2
8090db4d0e22,Seeking approval,seeking approval,false,,unclear,unclear_or_malformed,uncertain,No explicit rule matched,ordinary,,,,,Classification uncertain; requires human review,true,v1.2
34d831521657,Judging (J):,judging (j),false,,unclear,unclear_or_malformed,uncertain,No explicit rule matched,ordinary,,,,,Classification uncertain; requires human review,true,v1.2
6245ed089fcc,Big Five facet Openness – Artistic Interests,big five facet openness – artistic interests,false,,unclear,unclear_or_malformed,uncertain,No explicit rule matched,ordinary,,,,,Classification uncertain; requires human review,true,v1.2
4cf080cd927c,Psychological construct: Operant-Learning rate,psychological construct: operant-learning rate,false,,unclear,unclear_or_malformed,uncertain,No explicit rule matched,ordinary,,,,,Classification uncertain; requires human review,true,v1.2
d852fb107fcc,Psychological construct: Need for Achievement level,psychological construct: need for achievement level,false,,unclear,unclear_or_malformed,uncertain,No explicit rule matched,ordinary,,,,,Classification uncertain; requires human review,true,v1.2
af034cc4d93b,Cantankerousness,cantankerousness,false,,unclear,unclear_or_malformed,uncertain,No explicit rule matched,ordinary,,,,,Classification uncertain; requires human review,true,v1.2
ec373c7ea895,Material properties knowledge,material properties knowledge,false,,skills,skill_or_knowledge,false,"Skill evaluation requires task execution evidence, not casual self-description",ordinary,,,,,"Skill evaluation requires task execution evidence, not casual self-description",true,v1.2
79d06230fab5,Hostility,hostility,false,,unclear,unclear_or_malformed,uncertain,No explicit rule matched,ordinary,,,,,Classification uncertain; requires human review,true,v1.2
90a0350ce8a7,Independence,independence,false,,unclear,unclear_or_malformed,uncertain,No explicit rule matched,ordinary,,,,,Classification uncertain; requires human review,true,v1.2
6de0051f1496,800. Sufi practice: Sufi retreat attendance count,sufi practice: sufi retreat attendance count,false,,religion_culture,religious_or_cultural_practice,false,Religious or cultural practice requires external or self-reported history observation,sensitive,,,,,Religious or cultural practice requires external or self-reported history observation,true,v1.2
1f0393984e33,Chromatin-accessibility score,chromatin-accessibility score,false,,unclear,unclear_or_malformed,uncertain,No explicit rule matched,ordinary,,,,,Classification uncertain; requires human review,true,v1.2
60f392ab9cc9,644. Spiritual virtue: Humility practice index,spiritual virtue: humility practice index,false,,religion_culture,religious_or_cultural_practice,false,Religious or cultural practice requires external or self-reported history observation,sensitive,,,,,Religious or cultural practice requires external or self-reported history observation,true,v1.2
a0c339c5a2d9,754. I Ching hexagram 36 resonance level,i ching hexagram 36 resonance level,false,,unclear,unclear_or_malformed,uncertain,No explicit rule matched,ordinary,,,,,Classification uncertain; requires human review,true,v1.2
ca9430b84b90,Well-being component: Engagement,well-being component: engagement,false,,unclear,unclear_or_malformed,uncertain,No explicit rule matched,ordinary,,,,,Classification uncertain; requires human review,true,v1.2
dd08eb2e15ae,Need for social interaction,need for social interaction,false,,unclear,unclear_or_malformed,uncertain,No explicit rule matched,ordinary,,,,,Classification uncertain; requires human review,true,v1.2
bf7f8ae3bca0,Peer-collaboration hours,peer-collaboration hours,false,,unclear,unclear_or_malformed,uncertain,No explicit rule matched,ordinary,,,,,Classification uncertain; requires human review,true,v1.2
ca17d60fd67f,Arts and Humanities,arts and humanities,false,,unclear,unclear_or_malformed,uncertain,No explicit rule matched,ordinary,,,,,Classification uncertain; requires human review,true,v1.2
1b6d17aa8811,596. Religious practice: Quran khatam cycles per year,religious practice: quran khatam cycles per year,false,,religion_culture,religious_or_cultural_practice,false,Religious or cultural practice requires external or self-reported history observation,sensitive,,,,,Religious or cultural practice requires external or self-reported history observation,true,v1.2
6a4b861aa6c0,926. Bahá’í spiritual metric: Ridván festival participation,bahá’í spiritual metric: ridván festival participation,false,,religion_culture,religious_or_cultural_practice,false,Religious or cultural practice requires external or self-reported history observation,sensitive,,,,,Religious or cultural practice requires external or self-reported history observation,true,v1.2
46b88ef696b1,Compassion,compassion,false,,unclear,unclear_or_malformed,uncertain,No explicit rule matched,ordinary,,,,,Classification uncertain; requires human review,true,v1.2
63f52fc7671a,Information Retention,information retention,false,,unclear,unclear_or_malformed,uncertain,No explicit rule matched,ordinary,,,,,Classification uncertain; requires human review,true,v1.2
3847d1fcef41,Eye-contact duration,eye-contact duration,false,,unclear,unclear_or_malformed,uncertain,No explicit rule matched,ordinary,,,,,Classification uncertain; requires human review,true,v1.2
db43cf21c4e4,Self-righteousness,self-righteousness,false,,unclear,unclear_or_malformed,uncertain,No explicit rule matched,ordinary,,,,,Classification uncertain; requires human review,true,v1.2
2e26c7ae53c2,General Mood and Attitude,general mood and attitude,false,,unclear,unclear_or_malformed,uncertain,No explicit rule matched,ordinary,,,,,Classification uncertain; requires human review,true,v1.2
8972abf893da,Serotonin transporter availability,serotonin transporter availability,false,,unclear,unclear_or_malformed,uncertain,No explicit rule matched,ordinary,,,,,Classification uncertain; requires human review,true,v1.2
908e010dbe2b,Contribution to Group Goals,contribution to group goals,false,,unclear,unclear_or_malformed,uncertain,No explicit rule matched,ordinary,,,,,Classification uncertain; requires human review,true,v1.2
8e1c860c58fd,Dignity,dignity,false,,unclear,unclear_or_malformed,uncertain,No explicit rule matched,ordinary,,,,,Classification uncertain; requires human review,true,v1.2
5437a6cd6ce1,HEXACO Personality Inventory Facets:,hexaco personality inventory facets,false,,unclear,unclear_or_malformed,uncertain,No explicit rule matched,ordinary,,,,,Classification uncertain; requires human review,true,v1.2
03ddd0019dec,Evaluating Solutions,evaluating solutions,false,,unclear,unclear_or_malformed,uncertain,No explicit rule matched,ordinary,,,,,Classification uncertain; requires human review,true,v1.2
35e8db5a1dd6,Input,input,false,,unclear,unclear_or_malformed,uncertain,No explicit rule matched,ordinary,,,,,Classification uncertain; requires human review,true,v1.2
faa8f1b24674,Discreteness,discreteness,false,,unclear,unclear_or_malformed,uncertain,No explicit rule matched,ordinary,,,,,Classification uncertain; requires human review,true,v1.2
dc9a0da79703,607. Energy-healing practice: Reiki sessions / year,energy-healing practice: reiki sessions / year,false,,unclear,unclear_or_malformed,uncertain,No explicit rule matched,ordinary,,,,,Classification uncertain; requires human review,true,v1.2
f1cf92d2e017,692. Astrology: Rising sign is Scorpio,astrology: rising sign is scorpio,false,,unclear,unclear_or_malformed,uncertain,No explicit rule matched,ordinary,,,,,Classification uncertain; requires human review,true,v1.2
1e451faea364,Character strength: Social Intelligence,character strength: social intelligence,false,,unclear,unclear_or_malformed,uncertain,No explicit rule matched,ordinary,,,,,Classification uncertain; requires human review,true,v1.2
e4b1c515b505,Bravery,bravery,false,,unclear,unclear_or_malformed,uncertain,No explicit rule matched,ordinary,,,,,Classification uncertain; requires human review,true,v1.2
5b6a4dd42695,Childhood Experiences,childhood experiences,false,,unclear,unclear_or_malformed,uncertain,No explicit rule matched,ordinary,,,,,Classification uncertain; requires human review,true,v1.2
bb474c6f8f13,Data-sharing consent level,data-sharing consent level,false,,unclear,unclear_or_malformed,uncertain,No explicit rule matched,ordinary,,,,,Classification uncertain; requires human review,true,v1.2
b6f8c43c07b8,Vision-check frequency,vision-check frequency,false,,unclear,unclear_or_malformed,uncertain,No explicit rule matched,ordinary,,,,,Classification uncertain; requires human review,true,v1.2
f7d7f1034039,Physical-violence exposure,physical-violence exposure,false,,unclear,unclear_or_malformed,uncertain,No explicit rule matched,ordinary,,,,,Classification uncertain; requires human review,true,v1.2
1e06f3ce4d57,Macronutrient ratio: fat,macronutrient ratio: fat,false,,unclear,unclear_or_malformed,uncertain,No explicit rule matched,ordinary,,,,,Classification uncertain; requires human review,true,v1.2
4acb3b759550,Cooking and Culinary Arts,cooking and culinary arts,false,,unclear,unclear_or_malformed,uncertain,No explicit rule matched,ordinary,,,,,Classification uncertain; requires human review,true,v1.2
5da3c243145e,Language use,language use,false,,unclear,unclear_or_malformed,uncertain,No explicit rule matched,ordinary,,,,,Classification uncertain; requires human review,true,v1.2
e29ff58d7465,Dance-style mastery diversity,dance-style mastery diversity,false,,unclear,unclear_or_malformed,uncertain,No explicit rule matched,ordinary,,,,,Classification uncertain; requires human review,true,v1.2
34b15526c14d,Satya Adherence,satya adherence,false,,unclear,unclear_or_malformed,uncertain,No explicit rule matched,ordinary,,,,,Classification uncertain; requires human review,true,v1.2
cea4f7964eb5,Ethnocentrism,ethnocentrism,false,,unclear,unclear_or_malformed,uncertain,No explicit rule matched,ordinary,,,,,Classification uncertain; requires human review,true,v1.2
0340225dfb9f,Emotional Boundaries,emotional boundaries,false,,unclear,unclear_or_malformed,uncertain,No explicit rule matched,ordinary,,,,,Classification uncertain; requires human review,true,v1.2
13e031c785e0,Creativity in solutions,creativity in solutions,false,,unclear,unclear_or_malformed,uncertain,No explicit rule matched,ordinary,,,,,Classification uncertain; requires human review,true,v1.2
f2c7a1a7883b,Psychological construct: Hope scale,psychological construct: hope scale,false,,unclear,unclear_or_malformed,uncertain,No explicit rule matched,ordinary,,,,,Classification uncertain; requires human review,true,v1.2
e4300c1e7842,565. Practice frequency: Walking meditation,practice frequency: walking meditation,false,,unclear,unclear_or_malformed,uncertain,No explicit rule matched,ordinary,,,,,Classification uncertain; requires human review,true,v1.2
d3229145e812,Depression (DEP),depression (dep),false,,unclear,unclear_or_malformed,uncertain,No explicit rule matched,ordinary,,,,,Classification uncertain; requires human review,true,v1.2
02db85955e12,Understanding Mathematical Concepts,understanding mathematical concepts,false,,unclear,unclear_or_malformed,uncertain,No explicit rule matched,ordinary,,,,,Classification uncertain; requires human review,true,v1.2
0cbb97eb048f,Hypomania (Ma),hypomania (ma),false,,unclear,unclear_or_malformed,uncertain,No explicit rule matched,ordinary,,,,,Classification uncertain; requires human review,true,v1.2
b07e8ee77e60,Goal-Directed Behavior,goal-directed behavior,false,,unclear,unclear_or_malformed,uncertain,No explicit rule matched,ordinary,,,,,Classification uncertain; requires human review,true,v1.2
edfe1d077a5e,Depth of Emotional Connections,depth of emotional connections,false,,unclear,unclear_or_malformed,uncertain,No explicit rule matched,ordinary,,,,,Classification uncertain; requires human review,true,v1.2
1a47dd187128,Binding foundations index,binding foundations index,false,,unclear,unclear_or_malformed,uncertain,No explicit rule matched,ordinary,,,,,Classification uncertain; requires human review,true,v1.2
e5fa5c5ff46a,Ego Dissolution Frequency,ego dissolution frequency,false,,unclear,unclear_or_malformed,uncertain,No explicit rule matched,ordinary,,,,,Classification uncertain; requires human review,true,v1.2
0e6aa02ff964,Activator: Turning thoughts into action,activator: turning thoughts into action,false,,unclear,unclear_or_malformed,uncertain,No explicit rule matched,ordinary,,,,,Classification uncertain; requires human review,true,v1.2
43066c12297a,967. Gnostic spiritual metric: Archon meditation frequency,gnostic spiritual metric: archon meditation frequency,false,,religion_culture,religious_or_cultural_practice,false,Religious or cultural practice requires external or self-reported history observation,sensitive,,,,,Religious or cultural practice requires external or self-reported history observation,true,v1.2
efb48a041586,Exemplariness,exemplariness,false,,unclear,unclear_or_malformed,uncertain,No explicit rule matched,ordinary,,,,,Classification uncertain; requires human review,true,v1.2
10b3f52c4c6f,Moral and Ethical Parameters:,moral and ethical parameters,false,,unclear,unclear_or_malformed,uncertain,No explicit rule matched,ordinary,,,,,Classification uncertain; requires human review,true,v1.2
4dd6ab3a760e,Submission:,submission,false,,unclear,unclear_or_malformed,uncertain,No explicit rule matched,ordinary,,,,,Classification uncertain; requires human review,true,v1.2
b1bbfc3db18e,Frankness,frankness,false,,unclear,unclear_or_malformed,uncertain,No explicit rule matched,ordinary,,,,,Classification uncertain; requires human review,true,v1.2
a8f5ba4ebf90,Psychological construct: Psychological Safety climate,psychological construct: psychological safety climate,false,,unclear,unclear_or_malformed,uncertain,No explicit rule matched,ordinary,,,,,Classification uncertain; requires human review,true,v1.2
7dfbebee1323,Psychological construct: Self-Compassion total,psychological construct: self-compassion total,false,,unclear,unclear_or_malformed,uncertain,No explicit rule matched,ordinary,,,,,Classification uncertain; requires human review,true,v1.2
86789739173f,Psychological construct: Executive-Function composite,psychological construct: executive-function composite,false,,unclear,unclear_or_malformed,uncertain,No explicit rule matched,ordinary,,,,,Classification uncertain; requires human review,true,v1.2
fc4a9e1b31fb,Rebelliousness,rebelliousness,false,,unclear,unclear_or_malformed,uncertain,No explicit rule matched,ordinary,,,,,Classification uncertain; requires human review,true,v1.2
bded5658e6c0,Volunteer Work,volunteer work,false,,unclear,unclear_or_malformed,uncertain,No explicit rule matched,ordinary,,,,,Classification uncertain; requires human review,true,v1.2
cb03c9dec559,Intellect,intellect,false,,unclear,unclear_or_malformed,uncertain,No explicit rule matched,ordinary,,,,,Classification uncertain; requires human review,true,v1.2
9967f4670cd8,Use of Mathematical Formulas,use of mathematical formulas,false,,unclear,unclear_or_malformed,uncertain,No explicit rule matched,ordinary,,,,,Classification uncertain; requires human review,true,v1.2
6c9e20fb55f4,Coarseness,coarseness,false,,unclear,unclear_or_malformed,uncertain,No explicit rule matched,ordinary,,,,,Classification uncertain; requires human review,true,v1.2
6994f00ca7ea,Behavioral Tendencies and Subcomponents:,behavioral tendencies and subcomponents,false,,unclear,unclear_or_malformed,uncertain,No explicit rule matched,ordinary,,,,,Classification uncertain; requires human review,true,v1.2
adb5162750c8,Sensitivity,sensitivity,false,,unclear,unclear_or_malformed,uncertain,No explicit rule matched,ordinary,,,,,Classification uncertain; requires human review,true,v1.2
dce89504733a,Divided Attention Ability,divided attention ability,false,,unclear,unclear_or_malformed,uncertain,No explicit rule matched,ordinary,,,,,Classification uncertain; requires human review,true,v1.2
3b54988dd6ab,Psychological construct: Acculturative Stress score,psychological construct: acculturative stress score,false,,unclear,unclear_or_malformed,uncertain,No explicit rule matched,ordinary,,,,,Classification uncertain; requires human review,true,v1.2
20542e89d475,Dauntlessness,dauntlessness,false,,unclear,unclear_or_malformed,uncertain,No explicit rule matched,ordinary,,,,,Classification uncertain; requires human review,true,v1.2
e0d063e2ebb3,Concreteness,concreteness,false,,unclear,unclear_or_malformed,uncertain,No explicit rule matched,ordinary,,,,,Classification uncertain; requires human review,true,v1.2
cd36396bfd4b,Hysteria (Hy),hysteria (hy),false,,unclear,unclear_or_malformed,uncertain,No explicit rule matched,ordinary,,,,,Classification uncertain; requires human review,true,v1.2
92f5aca1116e,911. Jewish spiritual metric: Sukkot lulav-shaking days,jewish spiritual metric: sukkot lulav-shaking days,false,,religion_culture,religious_or_cultural_practice,false,Religious or cultural practice requires external or self-reported history observation,sensitive,,,,,Religious or cultural practice requires external or self-reported history observation,true,v1.2
1492a2e1dcfd,Sentence Structure,sentence structure,false,,unclear,unclear_or_malformed,uncertain,No explicit rule matched,ordinary,,,,,Classification uncertain; requires human review,true,v1.2
9d3a37b0f564,Esteem Needs,esteem needs,false,,unclear,unclear_or_malformed,uncertain,No explicit rule matched,ordinary,,,,,Classification uncertain; requires human review,true,v1.2
5036f1e69820,Understanding mechanical concepts,understanding mechanical concepts,false,,unclear,unclear_or_malformed,uncertain,No explicit rule matched,ordinary,,,,,Classification uncertain; requires human review,true,v1.2
2651947d91ff,Auditory Memory Recall,auditory memory recall,false,,unclear,unclear_or_malformed,uncertain,No explicit rule matched,ordinary,,,,,Classification uncertain; requires human review,true,v1.2
a6842e07514d,Storytelling proficiency,storytelling proficiency,false,,unclear,unclear_or_malformed,uncertain,No explicit rule matched,ordinary,,,,,Classification uncertain; requires human review,true,v1.2
a1f789e2f1a9,Music-lessons years,music-lessons years,false,,unclear,unclear_or_malformed,uncertain,No explicit rule matched,ordinary,,,,,Classification uncertain; requires human review,true,v1.2
01aec1d2aa9c,Warmheartedness,warmheartedness,false,,unclear,unclear_or_malformed,uncertain,No explicit rule matched,ordinary,,,,,Classification uncertain; requires human review,true,v1.2
adf06e76096f,Self-effacement,self-effacement,false,,unclear,unclear_or_malformed,uncertain,No explicit rule matched,ordinary,,,,,Classification uncertain; requires human review,true,v1.2
841ea0403f91,Outspokenness,outspokenness,false,,unclear,unclear_or_malformed,uncertain,No explicit rule matched,ordinary,,,,,Classification uncertain; requires human review,true,v1.2
5c707ebe9848,Sleep-environment temperature,sleep-environment temperature,false,,unclear,unclear_or_malformed,uncertain,No explicit rule matched,ordinary,,,,,Classification uncertain; requires human review,true,v1.2
01a38635e5f4,Comprehension of spoken information,comprehension of spoken information,false,,unclear,unclear_or_malformed,uncertain,No explicit rule matched,ordinary,,,,,Classification uncertain; requires human review,true,v1.2
0c966daf88ee,Blissfulness,blissfulness,false,,unclear,unclear_or_malformed,uncertain,No explicit rule matched,ordinary,,,,,Classification uncertain; requires human review,true,v1.2
eeaf8371af73,Sequential Memory Recall,sequential memory recall,false,,unclear,unclear_or_malformed,uncertain,No explicit rule matched,ordinary,,,,,Classification uncertain; requires human review,true,v1.2
657fd8f8c95e,Withdrawnness,withdrawnness,false,,unclear,unclear_or_malformed,uncertain,No explicit rule matched,ordinary,,,,,Classification uncertain; requires human review,true,v1.2
953b5b5b91c0,892. Hindu spiritual metric: Yoga discipline hours / week,hindu spiritual metric: yoga discipline hours / week,false,,religion_culture,religious_or_cultural_practice,false,Religious or cultural practice requires external or self-reported history observation,sensitive,,,,,Religious or cultural practice requires external or self-reported history observation,true,v1.2
2cb4ac37f496,Conservatism,conservatism,false,,unclear,unclear_or_malformed,uncertain,No explicit rule matched,ordinary,,,,,Classification uncertain; requires human review,true,v1.2
516ceac37aad,Adaptability and Flexibility Subcomponents:,adaptability and flexibility subcomponents,false,,unclear,unclear_or_malformed,uncertain,No explicit rule matched,ordinary,,,,,Classification uncertain; requires human review,true,v1.2
3669359bdedc,898. Hindu spiritual metric: Vrata vows observed / year,hindu spiritual metric: vrata vows observed / year,false,,religion_culture,religious_or_cultural_practice,false,Religious or cultural practice requires external or self-reported history observation,sensitive,,,,,Religious or cultural practice requires external or self-reported history observation,true,v1.2
04b4cd1d224a,Ardency,ardency,false,,unclear,unclear_or_malformed,uncertain,No explicit rule matched,ordinary,,,,,Classification uncertain; requires human review,true,v1.2
62bcc44ef8e5,Aesthetic Appreciation,aesthetic appreciation,false,,unclear,unclear_or_malformed,uncertain,No explicit rule matched,ordinary,,,,,Classification uncertain; requires human review,true,v1.2
ca51d273d3b9,Transactional Leadership:,transactional leadership,false,,values,conversational_trait,true,Direct linguistic evidence possible in short conversation,ordinary,Measures the conversational expression of the trait: transactional leadership.,"Strong linguistic evidence of the low end (e.g., explicitly demonstrating the opposite of transactional leadership).","Mixed, moderate, or limited but sufficient evidence of transactional leadership.",Strong and repeated linguistic evidence of the high end of transactional leadership.,,false,v1.2
eccf03d13174,Value orientation: Universalism,value orientation: universalism,false,,unclear,unclear_or_malformed,uncertain,No explicit rule matched,ordinary,,,,,Classification uncertain; requires human review,true,v1.2
08064813d4f4,Perseverance,perseverance,false,,unclear,unclear_or_malformed,uncertain,No explicit rule matched,ordinary,,,,,Classification uncertain; requires human review,true,v1.2
a62507b220a5,Regularity of Self-Reflection,regularity of self-reflection,false,,unclear,unclear_or_malformed,uncertain,No explicit rule matched,ordinary,,,,,Classification uncertain; requires human review,true,v1.2
44bde2af2de9,Controlling Reactions,controlling reactions,false,,unclear,unclear_or_malformed,uncertain,No explicit rule matched,ordinary,,,,,Classification uncertain; requires human review,true,v1.2
b9b97dbc0cc6,Psychological construct: Cultural Intelligence – Behavioral,psychological construct: cultural intelligence – behavioral,false,,unclear,unclear_or_malformed,uncertain,No explicit rule matched,ordinary,,,,,Classification uncertain; requires human review,true,v1.2
f20639a568e0,Metabolic Rate (Low or High),metabolic rate (low or high),false,,unclear,unclear_or_malformed,uncertain,No explicit rule matched,ordinary,,,,,Classification uncertain; requires human review,true,v1.2
98ea9a35b333,Dietary Habits,dietary habits,false,,unclear,unclear_or_malformed,uncertain,No explicit rule matched,ordinary,,,,,Classification uncertain; requires human review,true,v1.2
d08b3f904919,Significance: Desire to make an impact,significance: desire to make an impact,false,,unclear,unclear_or_malformed,uncertain,No explicit rule matched,ordinary,,,,,Classification uncertain; requires human review,true,v1.2
1e0d94aadc09,Psychological construct: Resilience-Trait score,psychological construct: resilience-trait score,false,,unclear,unclear_or_malformed,uncertain,No explicit rule matched,ordinary,,,,,Classification uncertain; requires human review,true,v1.2
88e30dee3965,Boredom Susceptibility,boredom susceptibility,false,,unclear,unclear_or_malformed,uncertain,No explicit rule matched,ordinary,,,,,Classification uncertain; requires human review,true,v1.2
fc3a381fc98e,Psychological construct: Consummatory Pleasure scale,psychological construct: consummatory pleasure scale,false,,unclear,unclear_or_malformed,uncertain,No explicit rule matched,ordinary,,,,,Classification uncertain; requires human review,true,v1.2
ca0c9891dc43,Leadership Styles and Behaviors:,leadership styles and behaviors,false,,values,conversational_trait,true,Direct linguistic evidence possible in short conversation,ordinary,Measures the conversational expression of the trait: leadership styles and behaviors.,"Strong linguistic evidence of the low end (e.g., explicitly demonstrating the opposite of leadership styles and behaviors).","Mixed, moderate, or limited but sufficient evidence of leadership styles and behaviors.",Strong and repeated linguistic evidence of the high end of leadership styles and behaviors.,,false,v1.2
c4ea6450528f,723. I Ching hexagram 5 resonance level,i ching hexagram 5 resonance level,false,,unclear,unclear_or_malformed,uncertain,No explicit rule matched,ordinary,,,,,Classification uncertain; requires human review,true,v1.2
ccbaecd4ad29,Macronutrient ratio: carbs,macronutrient ratio: carbs,false,,unclear,unclear_or_malformed,uncertain,No explicit rule matched,ordinary,,,,,Classification uncertain; requires human review,true,v1.2
7c79a32de1ac,Passport-stamps count,passport-stamps count,false,,unclear,unclear_or_malformed,uncertain,No explicit rule matched,ordinary,,,,,Classification uncertain; requires human review,true,v1.2
d6ec1a295d7d,Local-food sourcing %,local-food sourcing %,false,,unclear,unclear_or_malformed,uncertain,No explicit rule matched,ordinary,,,,,Classification uncertain; requires human review,true,v1.2
5cbd7ac712d9,Patient care orientation,patient care orientation,false,,unclear,unclear_or_malformed,uncertain,No explicit rule matched,ordinary,,,,,Classification uncertain; requires human review,true,v1.2
833dd913ca31,Soft-skill training hours,soft-skill training hours,false,,unclear,unclear_or_malformed,uncertain,No explicit rule matched,ordinary,,,,,Classification uncertain; requires human review,true,v1.2
6c5137248dfb,Graffiti appreciation,graffiti appreciation,false,,unclear,unclear_or_malformed,uncertain,No explicit rule matched,ordinary,,,,,Classification uncertain; requires human review,true,v1.2
4b4e6b7b0a13,Preference for Home-Cooked vs Restaurant Meals,preference for home-cooked vs restaurant meals,false,,unclear,unclear_or_malformed,uncertain,No explicit rule matched,ordinary,,,,,Classification uncertain; requires human review,true,v1.2
31d3f47ef819,Immune-response age,immune-response age,false,,biography_external,external_biographical_fact,false,Requires external historical or biographical confirmation,ordinary,,,,,Requires external historical or biographical confirmation,true,v1.2
b946cf99da72,Social-cognition variable: Cognitive Empathy,social-cognition variable: cognitive empathy,false,,unclear,unclear_or_malformed,uncertain,No explicit rule matched,ordinary,,,,,Classification uncertain; requires human review,true,v1.2
b4690c4d28f0,Kink-interest diversity,kink-interest diversity,false,,unclear,unclear_or_malformed,uncertain,No explicit rule matched,ordinary,,,,,Classification uncertain; requires human review,true,v1.2
c4de10ac7bda,Adaptability and Flexibility:,adaptability and flexibility,false,,unclear,unclear_or_malformed,uncertain,No explicit rule matched,ordinary,,,,,Classification uncertain; requires human review,true,v1.2
6950be828536,Judging Consequences,judging consequences,false,,unclear,unclear_or_malformed,uncertain,No explicit rule matched,ordinary,,,,,Classification uncertain; requires human review,true,v1.2
1678feb1ba02,Harmfulness,harmfulness,false,,unclear,unclear_or_malformed,uncertain,No explicit rule matched,ordinary,,,,,Classification uncertain; requires human review,true,v1.2
779eb6359925,Affinity,affinity,false,,unclear,unclear_or_malformed,uncertain,No explicit rule matched,ordinary,,,,,Classification uncertain; requires human review,true,v1.2
be513b98e6bb,Abasement,abasement,false,,unclear,unclear_or_malformed,uncertain,No explicit rule matched,ordinary,,,,,Classification uncertain; requires human review,true,v1.2
b3746fa9cf1d,Chronic pain presence,chronic pain presence,false,,unclear,unclear_or_malformed,uncertain,No explicit rule matched,ordinary,,,,,Classification uncertain; requires human review,true,v1.2
84ac244ac462,520. Discernment practice hours / week,discernment practice hours / week,false,,unclear,unclear_or_malformed,uncertain,No explicit rule matched,ordinary,,,,,Classification uncertain; requires human review,true,v1.2
1e47f5cff719,Initiative,initiative,false,,unclear,unclear_or_malformed,uncertain,No explicit rule matched,ordinary,,,,,Classification uncertain; requires human review,true,v1.2
e3481bd1fd98,Courageousness,courageousness,false,,unclear,unclear_or_malformed,uncertain,No explicit rule matched,ordinary,,,,,Classification uncertain; requires human review,true,v1.2
1c9d506a3780,Joyfulness,joyfulness,false,,unclear,unclear_or_malformed,uncertain,No explicit rule matched,ordinary,,,,,Classification uncertain; requires human review,true,v1.2
4e6d34bfdced,Suspicion,suspicion,false,,unclear,unclear_or_malformed,uncertain,No explicit rule matched,ordinary,,,,,Classification uncertain; requires human review,true,v1.2
17464376445e,Basophil count,basophil count,false,,unclear,unclear_or_malformed,uncertain,No explicit rule matched,ordinary,,,,,Classification uncertain; requires human review,true,v1.2
7b16fe72de76,Attachment avoidance score,attachment avoidance score,false,,unclear,unclear_or_malformed,uncertain,No explicit rule matched,ordinary,,,,,Classification uncertain; requires human review,true,v1.2
fa2522537700,Time Orientation End Points:,time orientation end points,false,,unclear,unclear_or_malformed,uncertain,No explicit rule matched,ordinary,,,,,Classification uncertain; requires human review,true,v1.2
7b8ee7c57481,Brazenness,brazenness,false,,unclear,unclear_or_malformed,uncertain,No explicit rule matched,ordinary,,,,,Classification uncertain; requires human review,true,v1.2
abd817a32356,Talkativeness,talkativeness,false,,unclear,unclear_or_malformed,uncertain,No explicit rule matched,ordinary,,,,,Classification uncertain; requires human review,true,v1.2
274d56523321,Equitableness,equitableness,false,,unclear,unclear_or_malformed,uncertain,No explicit rule matched,ordinary,,,,,Classification uncertain; requires human review,true,v1.2
35da9ce09fbe,Ideas generated/day,ideas generated/day,false,,unclear,unclear_or_malformed,uncertain,No explicit rule matched,ordinary,,,,,Classification uncertain; requires human review,true,v1.2
45cbd052abd2,Originality,originality,false,,unclear,unclear_or_malformed,uncertain,No explicit rule matched,ordinary,,,,,Classification uncertain; requires human review,true,v1.2
f30ddffde66c,Fearfulness: Fear of physical dangers,fearfulness: fear of physical dangers,false,,unclear,unclear_or_malformed,uncertain,No explicit rule matched,ordinary,,,,,Classification uncertain; requires human review,true,v1.2
fc1fab3324ab,Dance rehearsal hours/week,dance rehearsal hours/week,false,,unclear,unclear_or_malformed,uncertain,No explicit rule matched,ordinary,,,,,Classification uncertain; requires human review,true,v1.2
afae3a8fe643,561. Practice frequency: Mantra meditation,practice frequency: mantra meditation,false,,unclear,unclear_or_malformed,uncertain,No explicit rule matched,ordinary,,,,,Classification uncertain; requires human review,true,v1.2
abf4e2b74785,Public-transport km/week,public-transport km/week,false,,unclear,unclear_or_malformed,uncertain,No explicit rule matched,ordinary,,,,,Classification uncertain; requires human review,true,v1.2
6d442eadd7b2,Social Desirability Bias,social desirability bias,false,,unclear,unclear_or_malformed,uncertain,No explicit rule matched,ordinary,,,,,Classification uncertain; requires human review,true,v1.2
4c7f0f91568c,761. I Ching hexagram 43 resonance level,i ching hexagram 43 resonance level,false,,unclear,unclear_or_malformed,uncertain,No explicit rule matched,ordinary,,,,,Classification uncertain; requires human review,true,v1.2
6e26aba0b796,Disagreeableness,disagreeableness,false,,unclear,unclear_or_malformed,uncertain,No explicit rule matched,ordinary,,,,,Classification uncertain; requires human review,true,v1.2
d6c0b4cb2282,Participation in Community Activities,participation in community activities,false,,unclear,unclear_or_malformed,uncertain,No explicit rule matched,ordinary,,,,,Classification uncertain; requires human review,true,v1.2
4f7bd441fdaf,Impudence,impudence,false,,unclear,unclear_or_malformed,uncertain,No explicit rule matched,ordinary,,,,,Classification uncertain; requires human review,true,v1.2
434f62116f48,Analogies,analogies,false,,unclear,unclear_or_malformed,uncertain,No explicit rule matched,ordinary,,,,,Classification uncertain; requires human review,true,v1.2
6193db409779,Clumsiness,clumsiness,false,,unclear,unclear_or_malformed,uncertain,No explicit rule matched,ordinary,,,,,Classification uncertain; requires human review,true,v1.2
06d350312f15,Tendency Toward Compromise or Confrontation,tendency toward compromise or confrontation,false,,unclear,unclear_or_malformed,uncertain,No explicit rule matched,ordinary,,,,,Classification uncertain; requires human review,true,v1.2
b35cb10291ef,737. I Ching hexagram 19 resonance level,i ching hexagram 19 resonance level,false,,unclear,unclear_or_malformed,uncertain,No explicit rule matched,ordinary,,,,,Classification uncertain; requires human review,true,v1.2
f782040f4db0,Robotics-interaction frequency,robotics-interaction frequency,false,,unclear,unclear_or_malformed,uncertain,No explicit rule matched,ordinary,,,,,Classification uncertain; requires human review,true,v1.2
52110fee0594,Casual lifestyle,casual lifestyle,false,,unclear,unclear_or_malformed,uncertain,No explicit rule matched,ordinary,,,,,Classification uncertain; requires human review,true,v1.2
e8195cdb2666,Collectedness,collectedness,false,,unclear,unclear_or_malformed,uncertain,No explicit rule matched,ordinary,,,,,Classification uncertain; requires human review,true,v1.2
5386cb15c808,Reliance on context,reliance on context,false,,unclear,unclear_or_malformed,uncertain,No explicit rule matched,ordinary,,,,,Classification uncertain; requires human review,true,v1.2
4cd57452919b,Delegation skills,delegation skills,false,,unclear,unclear_or_malformed,uncertain,No explicit rule matched,ordinary,,,,,Classification uncertain; requires human review,true,v1.2
d9128228612a,767. I Ching hexagram 49 resonance level,i ching hexagram 49 resonance level,false,,unclear,unclear_or_malformed,uncertain,No explicit rule matched,ordinary,,,,,Classification uncertain; requires human review,true,v1.2
846083ffd422,Managing emotions,managing emotions,false,,unclear,unclear_or_malformed,uncertain,No explicit rule matched,ordinary,,,,,Classification uncertain; requires human review,true,v1.2
c016f45f92e9,Scripture memorization verses,scripture memorization verses,false,,unclear,unclear_or_malformed,uncertain,No explicit rule matched,ordinary,,,,,Classification uncertain; requires human review,true,v1.2
4aa9d4e1f425,Conventional,conventional,false,,unclear,unclear_or_malformed,uncertain,No explicit rule matched,ordinary,,,,,Classification uncertain; requires human review,true,v1.2
faa2d60a0302,890. Hindu spiritual metric: Bhagavad-Gita study hours,hindu spiritual metric: bhagavad-gita study hours,false,,religion_culture,religious_or_cultural_practice,false,Religious or cultural practice requires external or self-reported history observation,sensitive,,,,,Religious or cultural practice requires external or self-reported history observation,true,v1.2
ea3605de6311,Open-source contributions,open-source contributions,false,,unclear,unclear_or_malformed,uncertain,No explicit rule matched,ordinary,,,,,Classification uncertain; requires human review,true,v1.2
f256ce791b68,Psychological construct: Social Conformity tendency,psychological construct: social conformity tendency,false,,unclear,unclear_or_malformed,uncertain,No explicit rule matched,ordinary,,,,,Classification uncertain; requires human review,true,v1.2
5c1ad2c7f12a,Individuality,individuality,false,,unclear,unclear_or_malformed,uncertain,No explicit rule matched,ordinary,,,,,Classification uncertain; requires human review,true,v1.2
c4633d98995a,740. I Ching hexagram 22 resonance level,i ching hexagram 22 resonance level,false,,unclear,unclear_or_malformed,uncertain,No explicit rule matched,ordinary,,,,,Classification uncertain; requires human review,true,v1.2
430e4219bb50,Attachment style: Secure,attachment style: secure,false,,unclear,unclear_or_malformed,uncertain,No explicit rule matched,ordinary,,,,,Classification uncertain; requires human review,true,v1.2
445fd489288c,Intelligence Quotient (IQ),intelligence quotient (iq),false,,unclear,unclear_or_malformed,uncertain,No explicit rule matched,ordinary,,,,,Classification uncertain; requires human review,true,v1.2
7a73ec46c4a8,Blog-subscriber count,blog-subscriber count,false,,unclear,unclear_or_malformed,uncertain,No explicit rule matched,ordinary,,,,,Classification uncertain; requires human review,true,v1.2
9ff8285748df,Non-Verbal Communication Skills,non-verbal communication skills,false,,unclear,unclear_or_malformed,uncertain,No explicit rule matched,ordinary,,,,,Classification uncertain; requires human review,true,v1.2
9e935b78f9d0,Drug-use history,drug-use history,false,,unclear,unclear_or_malformed,uncertain,No explicit rule matched,ordinary,,,,,Classification uncertain; requires human review,true,v1.2
19ee155ef60e,Commute time/day,commute time/day,false,,unclear,unclear_or_malformed,uncertain,No explicit rule matched,ordinary,,,,,Classification uncertain; requires human review,true,v1.2
ba7e2c5c98d6,Decision-making speed,decision-making speed,false,,skills,skill_or_knowledge,false,"Skill evaluation requires task execution evidence, not casual self-description",ordinary,,,,,"Skill evaluation requires task execution evidence, not casual self-description",true,v1.2
74c69187f59b,Psychological construct: Excuse-Making tendency,psychological construct: excuse-making tendency,false,,unclear,unclear_or_malformed,uncertain,No explicit rule matched,ordinary,,,,,Classification uncertain; requires human review,true,v1.2
953b49f8dbaf,Peer-to-peer lending usage,peer-to-peer lending usage,false,,unclear,unclear_or_malformed,uncertain,No explicit rule matched,ordinary,,,,,Classification uncertain; requires human review,true,v1.2
dccfc26c6c76,Psychological construct: Eye-Contact avoidance score,psychological construct: eye-contact avoidance score,false,,unclear,unclear_or_malformed,uncertain,No explicit rule matched,ordinary,,,,,Classification uncertain; requires human review,true,v1.2
907b1e7a8480,Social-cognition variable: Faux Pas Recognition accuracy,social-cognition variable: faux pas recognition accuracy,false,,unclear,unclear_or_malformed,uncertain,No explicit rule matched,ordinary,,,,,Classification uncertain; requires human review,true,v1.2
1aa61eb92ee5,Conscientiousness (C):,conscientiousness (c),false,,unclear,unclear_or_malformed,uncertain,No explicit rule matched,ordinary,,,,,Classification uncertain; requires human review,true,v1.2
e2e324f08759,Use of Nature as a Stress Reliever,use of nature as a stress reliever,false,,unclear,unclear_or_malformed,uncertain,No explicit rule matched,ordinary,,,,,Classification uncertain; requires human review,true,v1.2
0b99c40031bb,Attitude toward learning,attitude toward learning,false,,unclear,unclear_or_malformed,uncertain,No explicit rule matched,ordinary,,,,,Classification uncertain; requires human review,true,v1.2
4e48af72750b,Conscientiousness Facets:,conscientiousness facets,false,,unclear,unclear_or_malformed,uncertain,No explicit rule matched,ordinary,,,,,Classification uncertain; requires human review,true,v1.2
8945c7133ba0,Honesty-humility trait score,honesty-humility trait score,false,,values,conversational_trait,true,Direct linguistic evidence possible in short conversation,ordinary,Measures the conversational expression of the trait: honesty-humility trait score.,"Strong linguistic evidence of the low end (e.g., explicitly demonstrating the opposite of honesty-humility trait score).","Mixed, moderate, or limited but sufficient evidence of honesty-humility trait score.",Strong and repeated linguistic evidence of the high end of honesty-humility trait score.,,false,v1.2
5351f512b7d0,Digital-nomad months,digital-nomad months,false,,unclear,unclear_or_malformed,uncertain,No explicit rule matched,ordinary,,,,,Classification uncertain; requires human review,true,v1.2
e553eb5999c0,516. Religious coping – Negative,religious coping – negative,false,,unclear,unclear_or_malformed,uncertain,No explicit rule matched,ordinary,,,,,Classification uncertain; requires human review,true,v1.2
3ba428c18646,Snacking Behavior,snacking behavior,false,,unclear,unclear_or_malformed,uncertain,No explicit rule matched,ordinary,,,,,Classification uncertain; requires human review,true,v1.2
b17b924d4e42,Aura-color perception,aura-color perception,false,,unclear,unclear_or_malformed,uncertain,No explicit rule matched,ordinary,,,,,Classification uncertain; requires human review,true,v1.2
70f31e752291,638. Sacred text engagement: Zohar (Kabbalah) study hours,sacred text engagement: zohar (kabbalah) study hours,false,,unclear,unclear_or_malformed,uncertain,No explicit rule matched,ordinary,,,,,Classification uncertain; requires human review,true,v1.2
f80b5324bb89,Motivational Drivers:,motivational drivers,false,,unclear,unclear_or_malformed,uncertain,No explicit rule matched,ordinary,,,,,Classification uncertain; requires human review,true,v1.2
4d9435b4078c,Cloud-backup frequency,cloud-backup frequency,false,,unclear,unclear_or_malformed,uncertain,No explicit rule matched,ordinary,,,,,Classification uncertain; requires human review,true,v1.2
395915bf5f82,Learning Style,learning style,false,,unclear,unclear_or_malformed,uncertain,No explicit rule matched,ordinary,,,,,Classification uncertain; requires human review,true,v1.2
5364b3ac79d5,872. Islamic practice: Seerah study hours,islamic practice: seerah study hours,false,,unclear,unclear_or_malformed,uncertain,No explicit rule matched,ordinary,,,,,Classification uncertain; requires human review,true,v1.2
c271ac2ec9e8,Safety compliance,safety compliance,false,,unclear,unclear_or_malformed,uncertain,No explicit rule matched,ordinary,,,,,Classification uncertain; requires human review,true,v1.2
1aa59b740dcd,Sensationalism,sensationalism,false,,unclear,unclear_or_malformed,uncertain,No explicit rule matched,ordinary,,,,,Classification uncertain; requires human review,true,v1.2
666ffe264c17,Nationality,nationality,false,,unclear,unclear_or_malformed,uncertain,No explicit rule matched,ordinary,,,,,Classification uncertain; requires human review,true,v1.2
0a94ee943233,Drollness,drollness,false,,unclear,unclear_or_malformed,uncertain,No explicit rule matched,ordinary,,,,,Classification uncertain; requires human review,true,v1.2
a2ed52298b1d,Cooperation,cooperation,false,,unclear,unclear_or_malformed,uncertain,No explicit rule matched,ordinary,,,,,Classification uncertain; requires human review,true,v1.2
29f2fb46e206,Breakfast-skipping frequency,breakfast-skipping frequency,false,,unclear,unclear_or_malformed,uncertain,No explicit rule matched,ordinary,,,,,Classification uncertain; requires human review,true,v1.2
30cd1da6cd81,922. Sikh spiritual metric: Kirtan participation frequency,sikh spiritual metric: kirtan participation frequency,false,,religion_culture,religious_or_cultural_practice,false,Religious or cultural practice requires external or self-reported history observation,sensitive,,,,,Religious or cultural practice requires external or self-reported history observation,true,v1.2
28f650026676,Impulsivity,impulsivity,false,,unclear,unclear_or_malformed,uncertain,No explicit rule matched,ordinary,,,,,Classification uncertain; requires human review,true,v1.2
ad9d6290d79c,Museum visits/year,museum visits/year,false,,unclear,unclear_or_malformed,uncertain,No explicit rule matched,ordinary,,,,,Classification uncertain; requires human review,true,v1.2
f099a349b833,Choir participation years,choir participation years,false,,unclear,unclear_or_malformed,uncertain,No explicit rule matched,ordinary,,,,,Classification uncertain; requires human review,true,v1.2
289d8cc8bd13,Delegation Ability,delegation ability,false,,unclear,unclear_or_malformed,uncertain,No explicit rule matched,ordinary,,,,,Classification uncertain; requires human review,true,v1.2
923dd74da23a,788. Kabbalah sephira balance: Tiferet,kabbalah sephira balance: tiferet,false,,unclear,unclear_or_malformed,uncertain,No explicit rule matched,ordinary,,,,,Classification uncertain; requires human review,true,v1.2
3ac947b2bc24,Desire to influence others,desire to influence others,false,,unclear,unclear_or_malformed,uncertain,No explicit rule matched,ordinary,,,,,Classification uncertain; requires human review,true,v1.2
08816f6a596e,Vivacity,vivacity,false,,unclear,unclear_or_malformed,uncertain,No explicit rule matched,ordinary,,,,,Classification uncertain; requires human review,true,v1.2
1e427f3bf32d,Genialness,genialness,false,,unclear,unclear_or_malformed,uncertain,No explicit rule matched,ordinary,,,,,Classification uncertain; requires human review,true,v1.2
0550e2ff1892,Cognitive measure: Working Memory Index,cognitive measure: working memory index,false,,unclear,unclear_or_malformed,uncertain,No explicit rule matched,ordinary,,,,,Classification uncertain; requires human review,true,v1.2
c4c3a686ec68,Ethical practices,ethical practices,false,,unclear,unclear_or_malformed,uncertain,No explicit rule matched,ordinary,,,,,Classification uncertain; requires human review,true,v1.2
23bab395edbd,945. New-Age spiritual metric: Channeling sessions / year,new-age spiritual metric: channeling sessions / year,false,,religion_culture,religious_or_cultural_practice,false,Religious or cultural practice requires external or self-reported history observation,sensitive,,,,,Religious or cultural practice requires external or self-reported history observation,true,v1.2
d717911bcc24,Civility,civility,false,,unclear,unclear_or_malformed,uncertain,No explicit rule matched,ordinary,,,,,Classification uncertain; requires human review,true,v1.2
f99bd16730e2,Sleep Apnea,sleep apnea,false,,unclear,unclear_or_malformed,uncertain,No explicit rule matched,ordinary,,,,,Classification uncertain; requires human review,true,v1.2
9089126f254f,Classiness,classiness,false,,unclear,unclear_or_malformed,uncertain,No explicit rule matched,ordinary,,,,,Classification uncertain; requires human review,true,v1.2
aeee47745741,Control over situations,control over situations,false,,unclear,unclear_or_malformed,uncertain,No explicit rule matched,ordinary,,,,,Classification uncertain; requires human review,true,v1.2
474aa9f300dd,Time outdoors/day (h),time outdoors/day (h),false,,unclear,unclear_or_malformed,uncertain,No explicit rule matched,ordinary,,,,,Classification uncertain; requires human review,true,v1.2
ec11878bf729,Effeteness,effeteness,false,,unclear,unclear_or_malformed,uncertain,No explicit rule matched,ordinary,,,,,Classification uncertain; requires human review,true,v1.2
cd04fd329bb2,Polygenic risk: cardiovascular disease,polygenic risk: cardiovascular disease,false,,health_medical,medical_or_diagnostic,false,Clinical biomarker or medical diagnosis requires objective medical evidence,high_risk,,,,,Clinical biomarker or medical diagnosis requires objective medical evidence,true,v1.2
2a69d21fed6b,Psychological construct: Identity Diffusion level,psychological construct: identity diffusion level,false,,unclear,unclear_or_malformed,uncertain,No explicit rule matched,ordinary,,,,,Classification uncertain; requires human review,true,v1.2
94eafb144380,Learning through movement,learning through movement,false,,unclear,unclear_or_malformed,uncertain,No explicit rule matched,ordinary,,,,,Classification uncertain; requires human review,true,v1.2
854060e65f60,Caffeine sensitivity gene,caffeine sensitivity gene,false,,unclear,unclear_or_malformed,uncertain,No explicit rule matched,ordinary,,,,,Classification uncertain; requires human review,true,v1.2
1b2201687345,Hatefulness,hatefulness,false,,unclear,unclear_or_malformed,uncertain,No explicit rule matched,ordinary,,,,,Classification uncertain; requires human review,true,v1.2
9a85a5d77887,Persistence:,persistence,false,,unclear,unclear_or_malformed,uncertain,No explicit rule matched,ordinary,,,,,Classification uncertain; requires human review,true,v1.2
40582e41b49f,Psychological construct: Perfectionistic Strivings,psychological construct: perfectionistic strivings,false,,unclear,unclear_or_malformed,uncertain,No explicit rule matched,ordinary,,,,,Classification uncertain; requires human review,true,v1.2
060f2928bf9c,Wake-time consistency,wake-time consistency,false,,unclear,unclear_or_malformed,uncertain,No explicit rule matched,ordinary,,,,,Classification uncertain; requires human review,true,v1.2
445b8ff79dee,Numerical Reasoning:,numerical reasoning,false,,skills,skill_or_knowledge,false,"Skill evaluation requires task execution evidence, not casual self-description",ordinary,,,,,"Skill evaluation requires task execution evidence, not casual self-description",true,v1.2
7bf29bdda450,Social-cognition variable: Mentalizing network activation,social-cognition variable: mentalizing network activation,false,,unclear,unclear_or_malformed,uncertain,No explicit rule matched,ordinary,,,,,Classification uncertain; requires human review,true,v1.2
ab461e2663b8,Patriotism,patriotism,false,,unclear,unclear_or_malformed,uncertain,No explicit rule matched,ordinary,,,,,Classification uncertain; requires human review,true,v1.2
ba61efd99111,Leadership Styles:,leadership styles,false,,values,conversational_trait,true,Direct linguistic evidence possible in short conversation,ordinary,Measures the conversational expression of the trait: leadership styles.,"Strong linguistic evidence of the low end (e.g., explicitly demonstrating the opposite of leadership styles).","Mixed, moderate, or limited but sufficient evidence of leadership styles.",Strong and repeated linguistic evidence of the high end of leadership styles.,,false,v1.2
56d516f8a55b,Servility,servility,false,,unclear,unclear_or_malformed,uncertain,No explicit rule matched,ordinary,,,,,Classification uncertain; requires human review,true,v1.2
b53cf518e397,742. I Ching hexagram 24 resonance level,i ching hexagram 24 resonance level,false,,unclear,unclear_or_malformed,uncertain,No explicit rule matched,ordinary,,,,,Classification uncertain; requires human review,true,v1.2
957612e68bd6,Enneagram Personality Types:,enneagram personality types,false,,unclear,unclear_or_malformed,uncertain,No explicit rule matched,ordinary,,,,,Classification uncertain; requires human review,true,v1.2
0f07a06b7304,Stress Recovery Ability,stress recovery ability,false,,unclear,unclear_or_malformed,uncertain,No explicit rule matched,ordinary,,,,,Classification uncertain; requires human review,true,v1.2
a4c9dcd3d8b9,Troubleshooting technical issues,troubleshooting technical issues,false,,unclear,unclear_or_malformed,uncertain,No explicit rule matched,ordinary,,,,,Classification uncertain; requires human review,true,v1.2
49512b755ee8,Defense-mechanism tendency: Introjection,defense-mechanism tendency: introjection,false,,unclear,unclear_or_malformed,uncertain,No explicit rule matched,ordinary,,,,,Classification uncertain; requires human review,true,v1.2
aad594d132d5,Irritability,irritability,false,,unclear,unclear_or_malformed,uncertain,No explicit rule matched,ordinary,,,,,Classification uncertain; requires human review,true,v1.2
774fe5fc436a,Travel-companions diversity,travel-companions diversity,false,,unclear,unclear_or_malformed,uncertain,No explicit rule matched,ordinary,,,,,Classification uncertain; requires human review,true,v1.2
1e00b5f62d2c,627. Sacred text engagement: Quran surahs memorized,sacred text engagement: quran surahs memorized,false,,religion_culture,religious_or_cultural_practice,false,Religious or cultural practice requires external or self-reported history observation,sensitive,,,,,Religious or cultural practice requires external or self-reported history observation,true,v1.2
eed4f77fe9bf,Trust in others,trust in others,false,,unclear,unclear_or_malformed,uncertain,No explicit rule matched,ordinary,,,,,Classification uncertain; requires human review,true,v1.2
0543b71331fc,Gamified-finance-app usage,gamified-finance-app usage,false,,finance_risk,preference_or_habit,uncertain,Risk preference requires contextual validation to be observable,sensitive,,,,,Risk preference requires contextual validation to be observable,true,v1.2
a9383b5f2745,823. Buddhist practice: Eightfold Path – Right Intention level,buddhist practice: eightfold path – right intention level,false,,religion_culture,religious_or_cultural_practice,false,Religious or cultural practice requires external or self-reported history observation,sensitive,,,,,Religious or cultural practice requires external or self-reported history observation,true,v1.2
0b3703da3844,Caffeine intake (mg/day),caffeine intake (mg/day),false,,unclear,unclear_or_malformed,uncertain,No explicit rule matched,ordinary,,,,,Classification uncertain; requires human review,true,v1.2
bc46e4ad65b3,Comfort with Vulnerability,comfort with vulnerability,false,,unclear,unclear_or_malformed,uncertain,No explicit rule matched,ordinary,,,,,Classification uncertain; requires human review,true,v1.2
0bd026c9f4fe,Anticipativeness,anticipativeness,false,,unclear,unclear_or_malformed,uncertain,No explicit rule matched,ordinary,,,,,Classification uncertain; requires human review,true,v1.2
19a0048a6480,Additional Common Parameters and Their End Points:,additional common parameters and their end points,false,,unclear,unclear_or_malformed,uncertain,No explicit rule matched,ordinary,,,,,Classification uncertain; requires human review,true,v1.2
c7e3bf235a75,Avoiding:,avoiding,false,,unclear,unclear_or_malformed,uncertain,No explicit rule matched,ordinary,,,,,Classification uncertain; requires human review,true,v1.2
c7f1353b9beb,Home-security-system presence,home-security-system presence,false,,unclear,unclear_or_malformed,uncertain,No explicit rule matched,ordinary,,,,,Classification uncertain; requires human review,true,v1.2
759f7ede7864,HEXACO domain: Honesty-Humility,hexaco domain: honesty-humility,false,,values,conversational_trait,true,Direct linguistic evidence possible in short conversation,ordinary,Measures the conversational expression of the trait: hexaco domain: honesty-humility.,"Strong linguistic evidence of the low end (e.g., explicitly demonstrating the opposite of hexaco domain: honesty-humility).","Mixed, moderate, or limited but sufficient evidence of hexaco domain: honesty-humility.",Strong and repeated linguistic evidence of the high end of hexaco domain: honesty-humility.,,false,v1.2
fb26ccb44d2c,Eating Habits (Home-Cooked vs. Eating Out),eating habits (home-cooked vs. eating out),false,,unclear,unclear_or_malformed,uncertain,No explicit rule matched,ordinary,,,,,Classification uncertain; requires human review,true,v1.2
201b1bd3c45d,Decision-Making Confidence,decision-making confidence,false,,unclear,unclear_or_malformed,uncertain,No explicit rule matched,ordinary,,,,,Classification uncertain; requires human review,true,v1.2
5fb7fc31da33,Alignment with societal roles,alignment with societal roles,false,,unclear,unclear_or_malformed,uncertain,No explicit rule matched,ordinary,,,,,Classification uncertain; requires human review,true,v1.2
4e7671d2c1a2,Connectedness: Belief in interconnections,connectedness: belief in interconnections,false,,unclear,unclear_or_malformed,uncertain,No explicit rule matched,ordinary,,,,,Classification uncertain; requires human review,true,v1.2
e1eaab34e9ce,Quirkiness,quirkiness,false,,unclear,unclear_or_malformed,uncertain,No explicit rule matched,ordinary,,,,,Classification uncertain; requires human review,true,v1.2
c2290107892b,Creative resilience,creative resilience,false,,unclear,unclear_or_malformed,uncertain,No explicit rule matched,ordinary,,,,,Classification uncertain; requires human review,true,v1.2
b221c7e34590,Rapid cognitive processing,rapid cognitive processing,false,,unclear,unclear_or_malformed,uncertain,No explicit rule matched,ordinary,,,,,Classification uncertain; requires human review,true,v1.2
e4e9a7c9da53,Cordiality,cordiality,false,,unclear,unclear_or_malformed,uncertain,No explicit rule matched,ordinary,,,,,Classification uncertain; requires human review,true,v1.2
e65b82e11d3a,Types of Mindfulness Techniques Used,types of mindfulness techniques used,false,,unclear,unclear_or_malformed,uncertain,No explicit rule matched,ordinary,,,,,Classification uncertain; requires human review,true,v1.2
6dab4008ec7b,Economic reasoning,economic reasoning,false,,skills,skill_or_knowledge,false,"Skill evaluation requires task execution evidence, not casual self-description",ordinary,,,,,"Skill evaluation requires task execution evidence, not casual self-description",true,v1.2
1f52eb5951ff,Conformity,conformity,false,,unclear,unclear_or_malformed,uncertain,No explicit rule matched,ordinary,,,,,Classification uncertain; requires human review,true,v1.2
b719b924c903,Pet-enrichment activities count,pet-enrichment activities count,false,,unclear,unclear_or_malformed,uncertain,No explicit rule matched,ordinary,,,,,Classification uncertain; requires human review,true,v1.2
4292eaed25e3,Aestheticism,aestheticism,false,,unclear,unclear_or_malformed,uncertain,No explicit rule matched,ordinary,,,,,Classification uncertain; requires human review,true,v1.2
60cdf262775e,Type of Support Preferred (Emotional vs. Practical),type of support preferred (emotional vs. practical),false,,unclear,unclear_or_malformed,uncertain,No explicit rule matched,ordinary,,,,,Classification uncertain; requires human review,true,v1.2
1a46fc1d7d41,Mental Arithmetic Speed,mental arithmetic speed,false,,skills,skill_or_knowledge,false,"Skill evaluation requires task execution evidence, not casual self-description",ordinary,,,,,"Skill evaluation requires task execution evidence, not casual self-description",true,v1.2
3d409a27d45a,Patience: Resistance to anger,patience: resistance to anger,false,,emotional_regulation,conversational_trait,true,Direct linguistic evidence possible in short conversation,ordinary,Measures the conversational expression of the trait: patience: resistance to anger.,"Strong linguistic evidence of the low end (e.g., explicitly demonstrating the opposite of patience: resistance to anger).","Mixed, moderate, or limited but sufficient evidence of patience: resistance to anger.",Strong and repeated linguistic evidence of the high end of patience: resistance to anger.,,false,v1.2
77947f300bbf,Flawlessness,flawlessness,false,,unclear,unclear_or_malformed,uncertain,No explicit rule matched,ordinary,,,,,Classification uncertain; requires human review,true,v1.2
8c2c8e0f63a5,Self-Efficacy,self-efficacy,false,,unclear,unclear_or_malformed,uncertain,No explicit rule matched,ordinary,,,,,Classification uncertain; requires human review,true,v1.2
3893932192bd,Computer Skills:,computer skills,false,,unclear,unclear_or_malformed,uncertain,No explicit rule matched,ordinary,,,,,Classification uncertain; requires human review,true,v1.2
3133c78e5967,899. Jewish spiritual metric: Shabbat candle-lighting consistency,jewish spiritual metric: shabbat candle-lighting consistency,false,,religion_culture,religious_or_cultural_practice,false,Religious or cultural practice requires external or self-reported history observation,sensitive,,,,,Religious or cultural practice requires external or self-reported history observation,true,v1.2
d99fc7a08080,Spelling Accuracy,spelling accuracy,false,,unclear,unclear_or_malformed,uncertain,No explicit rule matched,ordinary,,,,,Classification uncertain; requires human review,true,v1.2
4b9939d211be,793. Sufi practice: Dhikr repetitions / day,sufi practice: dhikr repetitions / day,false,,religion_culture,religious_or_cultural_practice,false,Religious or cultural practice requires external or self-reported history observation,sensitive,,,,,Religious or cultural practice requires external or self-reported history observation,true,v1.2
8cd1a3d143de,Peacefulness,peacefulness,false,,unclear,unclear_or_malformed,uncertain,No explicit rule matched,ordinary,,,,,Classification uncertain; requires human review,true,v1.2
159cbc69a2ea,Doggedness,doggedness,false,,unclear,unclear_or_malformed,uncertain,No explicit rule matched,ordinary,,,,,Classification uncertain; requires human review,true,v1.2
1a66f5c2100a,Decency,decency,false,,unclear,unclear_or_malformed,uncertain,No explicit rule matched,ordinary,,,,,Classification uncertain; requires human review,true,v1.2
93b72430615c,Processed-food frequency,processed-food frequency,false,,unclear,unclear_or_malformed,uncertain,No explicit rule matched,ordinary,,,,,Classification uncertain; requires human review,true,v1.2
